geometry_id,image_path
face01,C:\Users\tianachen\SADis\assets\geometry\face01.jpeg
face02,C:\Users\tianachen\SADis\assets\geometry\face02.jpeg
face03,C:\Users\tianachen\SADis\assets\geometry\face03.jpeg
face05,C:\Users\tianachen\SADis\assets\geometry\face05.jpeg
face06,C:\Users\tianachen\SADis\assets\geometry\face06.png
face07,C:\Users\tianachen\SADis\assets\geometry\face07.jpeg
face08,C:\Users\tianachen\SADis\assets\geometry\face08.jpg
face10,C:\Users\tianachen\SADis\assets\geometry\face10.jpeg
face11,C:\Users\tianachen\SADis\assets\geometry\face11.jpg
